{
    "pipeline": {
        "input": [
            "img"
        ],
        "output": [
            "post_output"
        ],
        "tasks": [
            {
                "type": "Task",
                "module": "Transform",
                "name": "Preprocess",
                "input": [
                    "img"
                ],
                "output": [
                    "prep_output"
                ],
                "transforms": [
                    {
                        "type": "LoadImageFromFile",
                        "file_client_args": {
                            "backend": "disk"
                        }
                    },
                    {
                        "type": "Resize",
                        "keep_ratio": true,
                        "size": [
                            320,
                            320
                        ]
                    },
                    {
                        "type": "Pad",
                        "size": [
                            320,
                            320
                        ],
                        "pad_val": {
                            "img": [
                                114,
                                114,
                                114
                            ]
                        }
                    },
                    {
                        "type": "Normalize",
                        "to_rgb": false,
                        "mean": [
                            103.53,
                            116.28,
                            123.675
                        ],
                        "std": [
                            57.375,
                            57.12,
                            58.395
                        ]
                    },
                    {
                        "type": "Pad",
                        "size_divisor": 1
                    },
                    {
                        "type": "DefaultFormatBundle"
                    },
                    {
                        "type": "Collect",
                        "meta_keys": [
                            "ori_filename",
                            "img_norm_cfg",
                            "valid_ratio",
                            "flip",
                            "ori_shape",
                            "filename",
                            "pad_shape",
                            "scale_factor",
                            "pad_param",
                            "img_path",
                            "img_shape",
                            "img_id",
                            "flip_direction"
                        ],
                        "keys": [
                            "img"
                        ]
                    }
                ]
            },
            {
                "name": "rtmdet",
                "type": "Task",
                "module": "Net",
                "is_batched": true,
                "input": [
                    "prep_output"
                ],
                "output": [
                    "infer_output"
                ],
                "input_map": {
                    "img": "input"
                },
                "output_map": {}
            },
            {
                "type": "Task",
                "module": "mmdet",
                "name": "postprocess",
                "component": "ResizeBBox",
                "params": {
                    "nms_pre": 1000,
                    "min_bbox_size": 0,
                    "score_thr": 0.05,
                    "nms": {
                        "type": "nms",
                        "iou_threshold": 0.6
                    },
                    "max_per_img": 100
                },
                "output": [
                    "post_output"
                ],
                "input": [
                    "prep_output",
                    "infer_output"
                ]
            }
        ]
    }
}